13.054177550084509,8.770031354267317,22.468229710366053,20.007467990364393,15.065649822252892,16.401724733085935,10.790243412595622,18.8584340289949,15.25481157485496,17.730052452948684,
14.601532797443747,19.18526575073294,14.862066175429268,11.849903534493318,17.1608416446637,17.641851283957983,12.319268347689224,14.318744257895183,16.056434474917214,11.01689648238796,
16.652013339622158,15.653227606815708,11.384485068465255,8.202685283888592,23.1444184000851,12.329896152126604,13.639229112603639,17.070643070090014,15.943591935461614,17.430827453968945,
15.460103924750142,13.279316765992995,13.269600807814209,18.650536181614243,14.211375964455053,10.634896099759958,7.940101136340827,15.009775953762153,16.939932246172212,15.864110991466815,
11.49204325850516,13.7770988766794,14.869058906962481,10.775207593107398,9.978860965966868,13.506178159743657,17.764424445587526,18.01589223104571,10.248839239717293,7.256606591503415,
18.110872562040235,16.26939359195641,15.257355303505268,18.486410915499345,18.55355342840994,11.760625194968977,13.741586170457431,12.758188683461606,21.849758595116437,8.815862401751817,
11.410572660932461,14.7510836450931,11.372803695790676,7.631052054752934,13.315017923685225,12.054373856835744,11.197000978488443,16.54307196286758,9.779746547328603,13.679097936507974,
12.45759871044105,10.077848663559735,13.031920285859199,12.354785790508735,5.680032317589131,10.512691531757484,6.065022829829562,10.798659893574273,17.239923818932148,17.453118646317296,
16.26596569999326,15.753692126493798,13.174299897239953,12.805187422545762,13.71174610470822,19.039157086704805,17.636842503432838,7.997906457716944,10.060478433563302,16.726240467776712,
12.249098398687194,16.38558930260827,17.00490717280099,16.17173676528774,10.988964179555404,13.203898869149466,10.351485491245132,7.2811128212641245,11.790230256097907,18.374271819873243,
20.770704480574835,16.665101960262557,22.457532602903218,10.281816650010747,10.20315123555222,8.350228616856645,17.07743175344208,14.672988795581134,16.574957062193356,15.659167185199273,
13.455305750781093,17.781755924376846,8.710991789194267,15.647215694493724,18.48124957046989,16.950119960238418,12.63826215934257,17.431013822592607,15.451687707069658,14.21443664042227,
16.85832099471686,18.368575980794475,12.923602624314846,19.67794427091048,12.92667041362316,10.671400646081715,25.48508485334026,12.203744230907049,13.771775780997542,15.386051002021839,
10.027070743494413,15.705884884561813,19.52877900770511,13.664844374403753,18.782743896352116,13.441130956399018,15.949101681676092,14.871982283362547,20.301245327487084,14.079172965399115,
3.1391337270846105,14.472377843614797,19.422965436931502,14.411452219460696,13.790839592409913,11.185875158613102,11.215071194447313,17.90242781776024,17.227318156373162,13.385204212998392,
12.38482664689069,11.434975403705204,14.463153594342494,17.4854643601558,13.060690298795926,10.863485209772222,19.643387081649347,19.35310911379601,11.023972654356687,21.919860558145558,
16.180093272699928,6.94159291647022,16.095115293795633,16.20470070597576,17.803542279347095,10.614970812530048,20.18654879405325,9.625675053428163,19.60076729553134,10.654395708330382,
17.883583734280833,18.444418539599,13.89405256444051,17.75538669389418,15.971164434011893,20.155227598016307,14.278032563253696,14.746816569152818,9.316531440880173,15.332794198353119,
17.242663887434794,11.861640506036373,8.458328531393285,10.824718294451626,14.709632143399924,7.8097557255424315,9.601363795217104,12.567785175278186,22.342802011617277,14.263952287171387,
18.234922433843373,14.360108206936266,17.919494927723683,20.856984055922283,9.621110745869004,11.531283529300929,13.246272209422921,11.071293059776751,12.23050014090177,18.284768141847696,
9.700034787589956,14.450758397448398,11.863145909373824,17.972627339709224,16.814618180884814,15.736446869655285,14.123853014683146,17.62727531773499,20.45165242130588,12.10723400564389,
14.460995216330232,13.43674556194388,18.670542886195772,16.181728017201067,20.17302273766549,16.26678484950513,16.36166382032491,11.822144932634668,17.426948525692392,12.719014672045565,
14.01410680111358,13.307339675068635,12.626732999111569,13.191990441489583,3.334416764779293,7.149060926344523,13.838291923754975,10.370276303072346,12.825883365603486,9.01274574135959,
9.938518611899218,12.7315677803714,12.82320755680255,15.020728032187174,14.435810498063717,10.322345954205275,15.17793860218422,12.972865001570685,20.6955043940151,16.064246839554606,
12.456353834025304,11.751549086061386,18.54211598375183,14.420607260207918,18.149164474233938,8.202873177221967,14.507216178713511,19.541217831705524,13.76222971178756,11.410023651917188,
13.314188828265733,15.481584948508235,15.09532863112453,9.860189761300445,20.048389970777844,19.690824556474332,11.495776013729781,19.89848549086046,12.467175085595938,19.78504959112155,
15.811313536512,16.995286167944002,11.459529386331727,19.436679510278555,15.084216382193892,11.767076918464406,4.815001246318477,11.703266898238159,10.884258820291778,14.38586314042318,
14.134930803625265,17.13778448210851,9.866013555595181,19.64130191358455,19.02943598314331,15.115547788697556,18.629094773655886,15.996304995003875,16.65691939943199,20.7886986150436,
9.987035395395974,13.957692294258601,6.395132532982959,18.094212342067728,21.242501809243237,17.249321999373684,11.629592210105496,13.934116071027598,13.431330683342058,17.893621237739037,
17.169394180097406,9.680637264201147,12.041263069883037,13.981148465330953,13.659890622772235,10.997622523613341,13.914901522069302,10.736526367133695,11.847798791699706,10.970639004600994,
14.933878682461007,12.920346694093274,16.920670178161938,14.360489777190667,8.137452012785111,19.436322490399697,16.337787412096795,7.472523084225815,18.299956160398658,14.641036772396523,
14.244479207348164,15.659414157648838,13.274039231601693,9.555341020673502,12.487100921269283,18.514577409804733,13.567843562586404,17.636428111452968,17.618914295494132,9.690892522368486,
12.977901107799141,12.541553059752738,20.76843162454836,18.700453091762526,20.938586267651623,11.96312989708794,15.44291150466454,13.427748519836621,15.03509616159889,15.63785184870214,
11.065686808557059,12.103927795482296,15.33342781803475,18.32518980460488,24.279879782888102,14.808350128957223,13.899628358345385,27.266065020051357,18.951687987114482,5.078703615489923,
18.36983424546266,10.88640128005783,20.015118675737316,5.513118982443422,20.099058389347675,11.160852110027376,12.895062981861228,18.01439760504324,6.886475781153989,14.741885977835015,
13.411199366791612,9.907142704671756,11.054518450073127,15.04579579484287,10.779827090694917,13.01638406755822,11.64846115495573,11.251619817646809,11.691751509758245,14.460896827322934,
15.283405039242481,17.34061625027341,21.31854436696622,11.016143814398413,19.570362383558592,17.171164411861636,12.091691545553685,12.99868412125724,16.34042736563058,13.15140526412616,
12.606050952377618,15.419447600824109,12.484619072887114,16.9353326788496,17.8337857704383,17.302368840148286,16.26233070722381,14.706659377391516,13.84129282753198,12.349603345988124,
10.468137703125818,14.95109352378094,14.834486991566358,11.659728662325946,17.003028823965348,8.794959219135647,10.155258233998957,13.942743187426883,12.898345526883306,11.414440323971133,
9.626566460152748,12.202295436020751,14.132488468694582,20.632375655663232,13.11449378305135,11.688216721769853,18.94845038412803,18.905705745128092,14.509043504328337,11.287418849042641,
14.794399043547656,15.884829177101258,25.98099015668845,9.937970610510902,18.642085303914754,12.041829269584737,16.990574578512383,14.944060628552583,13.359114716921225,14.494230739355043,
11.101126790621027,7.194123097717171,10.427138111891681,12.021231428161816,9.912014577351925,13.100532021097614,13.709138380602946,11.429413917467029,12.219638553922755,16.387821340947944,
13.692145314648402,15.205095244239246,17.85215709706656,17.701284070855323,14.28007786697961,17.107197724176608,20.118053634864477,20.78424663475893,9.871102008110338,12.981710866658336,
17.90189962829717,14.868870482147143,13.399304317787122,20.423244208844658,7.0159353482360025,14.320206704548882,11.771755733459889,11.301538596000027,10.603831288782082,13.650595729572077,
20.863433817015945,13.895691453395237,18.197923729188194,19.35616477872731,10.586501064599611,11.640697181807353,15.79285678323534,14.596407471360463,12.299262186368484,14.386732607321953,
15.687852187591957,16.638665152115493,12.831960174639429,4.30555699890614,11.945789260623261,11.953657508513935,14.093313372355086,11.756820078619926,17.199531141205775,12.373035478882182,
16.042899495113517,10.094200952674976,12.164217653679708,15.551877876077082,17.284588120363452,14.789141319920335,16.83629611966357,9.068416021086401,12.719408606025922,18.046700414678206,
13.642094431195119,15.177000229539345,8.91571506333197,11.29388663717476,13.51857392069426,14.437545635497285,10.481930725598586,13.18656948436093,18.636072778938743,9.142702022083975,
9.958658019831956,5.5219394525607495,23.66678999733153,17.18264836527304,14.716578731360858,19.10913621587391,13.26355093417368,15.649936222749812,12.257874010425004,20.357151408234365,
15.922997845422183,11.171172228241812,8.393842257695475,15.449936626187109,14.204438569036146,15.997156920404661,15.236408396807695,18.224971782814592,9.119372065716306,10.558832189458672,
6.409100766875209,18.855279106040477,13.845118259533349,10.263258545591563,6.891013612970276,15.482953082904325,13.016449768341971,18.741759269825625,13.221577695198949,17.49859867199088,
16.374207065525397,11.097904103220896,10.656554442409718,21.617101307551703,10.303777343785,13.340459631376003,11.722984200291881,17.373054937517452,13.455175291952422,6.965543206422427,
15.299590741723865,6.929459324944067,10.068587620401791,7.290142633732206,6.404437724613686,12.97880403540506,14.6826996616238,16.9086707358371,19.23365570452652,18.01753088218668,
13.712756317735769,12.386726430319774,14.852774295033118,10.443306077848469,13.836934511418198,11.974162071222361,10.303715185439858,10.56429090580742,16.43726928135827,10.93486928579095,
10.666980192955805,23.82018965601939,5.992095058674096,11.152450481785673,14.021600950181893,9.086232347204383,5.08462787857791,14.46229864268477,13.505968216541877,13.625974992249436,
11.021581724333034,16.281073590910662,19.90124001951584,11.777423327800207,15.833429024270227,19.634653249850462,7.045774842388726,13.912520363022809,15.281515524467864,15.862079305763377,
15.77214187327745,13.630819498112922,14.227474607143705,17.077013067016548,18.24735212744176,11.621424089822858,8.44419185569295,17.39103177885293,13.744023203632866,17.86476989238009,
18.173925378612058,11.585470105649783,9.460635240147703,11.712396329587854,17.090083551893954,15.667172712158093,13.39182478162947,14.688037275207819,7.8675402872192475,13.559007510472842,
19.95952072553936,18.29853213731683,12.503313407053298,10.021575492098735,19.490589736079222,11.346660395644465,15.342203503263823,10.769079822669935,19.810375733187648,11.338864644702301,
14.48397542382003,16.242914745192365,9.3356567438921,11.573328836642302,19.95783319590693,18.26743264290429,14.492469444601898,13.701226034637696,16.878014623149273,15.797060137977555,
10.774129236452334,12.839866481796832,10.529213105109902,11.597312883870076,13.98627710758362,16.4956496311038,18.56146232815013,18.43351945609644,11.250640123374817,16.24568036854818,
14.970712838684864,10.552291812499226,13.545682696660462,18.446221159260674,10.432895409031454,22.126059633211252,5.864327488270501,18.696635291172324,11.866546557750063,6.946553565320393,
15.354444816055269,12.412075374135728,9.664925686022357,18.4065894224718,11.181531349511879,15.323325082797044,12.211343223359135,19.98834468920246,16.634512563201177,19.087278915972046,
17.108706540008953,14.281393302906885,8.857584523413715,16.368611009545283,15.015400814638973,16.492704435795876,17.133241968071825,5.987167055405478,20.559203264009938,13.876686238746599,
15.352162365219762,8.854259058452836,17.581341201336265,8.845762557747488,10.773445892288741,16.21095057414876,15.95522046341908,8.485856844860038,12.454141759233751,22.22597068853819,
16.27223325170568,15.486538249178684,14.794668573702806,17.240262316614604,11.64875161066558,13.960710005640049,18.421077924608582,21.367247492023438,18.061255091115417,19.666613875314557,
14.046822353191986,12.623549602939322,14.365857456918953,9.686804760046053,9.182637738991506,13.214300291881733,12.049743184263237,10.294381860827993,17.626392382046557,13.063348283311978,
8.99896698038959,11.280607403182632,10.049217804563954,9.020051995673711,8.874552030140793,16.756593727143525,17.6979403773589,16.750824579488942,12.803650689242366,12.02862408702167,
16.695049438947542,10.905733515876285,30.0,13.793270360655034,15.668837121787318,13.346088010931354,13.754549672347672,13.973978429105701,13.114163366411097,21.17750085394458,
17.918353046448733,18.552642299313597,16.16187007193212,23.669524906512777,13.680089906584026,13.496356410761571,10.00088960988923,14.108238445241696,9.285165040932199,14.998469978031048,
14.451076665795973,5.195831671919957,7.259985898743506,11.677973379344518,16.10403937687936,10.241574789503355,12.997285734825672,12.957105436715098,18.144387761866355,11.956654057637728,
19.89502624933344,12.516342402279054,13.481740983888983,17.076905173041148,10.919523349044868,11.62954470749383,14.32602250128725,21.455038299465137,18.269860308010806,19.303966754170066,
20.59527407750849,14.129501044533615,14.427844006438363,21.181271275952447,13.730088675450984,16.326716638687618,16.67386493038766,16.815494104018263,11.261980149122628,12.407565840518442,
24.416389529252154,12.296547126039014,18.14082204666756,15.478842204877306,15.931459551915152,7.898391531302578,11.874834279658007,11.650748776525171,11.990351866832572,11.725086378104791,
10.069158542327926,16.220209705540668,22.485902294724273,12.364124362566898,22.2435693528271,15.231649212764044,13.520452902226946,17.736034453418185,22.087201485713837,12.290374600394397,
10.27519207967908,11.459549613394945,7.476236381186585,10.998246775998565,19.29730489872784,11.984342866149168,16.713905755304797,13.9543367174232,16.950809499350363,17.55873849821287,
6.3557562159288,11.397172934687624,16.025103557655786,13.43511893589298,10.291756376703038,4.896846062371438,18.428264954654715,14.879715508327937,13.626246318981728,14.747815434762428,
6.9260159600062,15.318128365263254,17.507887884610238,16.00384597526061,12.35353092341299,10.448941396694051,15.61829561248361,16.64735860069847,15.843646280817696,11.611355066072825,
17.79369960789159,16.534992136575447,15.406046455009383,14.057833016378924,10.923322074336058,9.731044527845011,11.015712876640073,14.844629571026331,10.919158174141648,17.299902817035978,
16.52758011421329,14.397333384567492,6.915404785835159,14.762410675398673,15.18477382431603,18.03008613745231,15.409763337163447,14.446551755639902,11.07059790957398,13.353891479127688,
19.37201144814487,15.043944181201915,7.99791651658594,11.677555065310491,6.438710883573813,17.490697187448646,7.75978280985841,18.396042606944043,13.47210501729241,4.895257791372096,
17.81066179558629,13.759170462222208,18.371359518919853,18.210939533111254,16.48949598530742,12.16419300047792,13.796578907712595,13.330722601139255,12.960354474858004,10.836530836817523,
16.520387420203832,17.258691561750364,10.313269120499937,17.490452269333694,12.98662844318475,9.272052191552984,12.129986426356123,14.125769298871559,7.1629595588064525,16.19877534952917,
22.337637918787507,16.969619201379572,13.076917633741736,10.354248330055574,15.637463774559524,16.59595959609063,12.539366233126774,12.097122104373431,15.500198918523632,18.284809060237013,
11.357842081798832,16.81067291750707,15.316343271139974,17.940472272471148,6.479465371202079,14.968423273939548,14.25451349964119,14.519198688903524,8.127072358515218,18.994474499463248,
15.88629542146625,9.360285936767742,18.50961804559547,17.111219534356906,9.286086630755726,9.304446449435169,11.064861684427882,12.842736051978317,18.17144642526159,22.755236572450364,
8.770731759933025,14.286906223564225,14.998250181952269,9.10956163920692,14.931471880896293,16.618387240533874,16.3388973912324,14.225975739307726,13.499340734748776,13.47538790175804,
17.0731292066353,16.738083150004385,16.5836311835379,16.242414918784842,16.85294361755201,16.137725601337007,10.312685774248228,12.640740289317066,10.33402486518505,15.191348949135808,
13.242047353791783,17.13983282764892,10.47477174683431,11.304670827033279,12.7891023060705,13.564431017685584,13.580092248471862,9.69217088370787,9.536843924687055,6.601955847228576,
12.971277946037608,15.744939159743865,17.834773852531978,11.358339393472448,10.68458988828497,7.90540199082523,14.376117338631829,14.227443586315589,9.540959497770194,14.466891163167524,
15.813736762347384,12.587410895085773,14.187266446259018,18.737519355451436,13.922663160701752,13.827765145301223,16.02155200033109,14.502398738860435,17.227734896770293,8.911040245503603,
15.456771035473947,14.987540813368396,19.91558239189551,16.803558705664784,14.079054094431122,9.248617082226412,10.456866091423413,18.787276812778796,14.042369505432298,15.451551267713917,
13.24679246915559,14.532964572009982,15.490019876920433,19.355693835054645,15.674533847830713,18.14298529284058,15.73015157563016,9.21485149457591,13.128271077040955,11.102695198060118,
9.094918128477431,11.702985669892149,17.94321828785788,13.86557374219778,11.05091753453439,14.13197132846162,8.448249772110874,11.044398965685586,10.671171573919594,12.27780292073747,
14.365547318870199,13.839659518903115,12.143940924518885,13.953308835752926,7.973191395563527,10.036262139591168,9.115252323689166,20.596213289038634,15.81968776203976,15.584476074060554,
10.962077668702998,12.081450418440914,14.474073118973507,7.839599084545502,15.82289259475876,11.159241439267928,5.265837241823632,11.970040422689316,16.88919263835909,14.446034298036304,
15.718154894745998,16.353233947433566,16.074835543074673,15.69334244286825,22.242995098669446,15.92890401293701,21.974740275977933,17.169836067009406,16.111370308070654,13.181595171581085,
18.438784834015856,16.50926440792915,11.658629217328883,9.142568248262128,9.670738252966988,12.521823295384134,14.002787877651471,15.779699627485533,20.248969942488753,12.895615059656501,
12.96607238724781,16.97604293398325,12.338431882592808,19.386541438774266,18.755009056784303,10.551545499459996,15.301218481333342,16.67989692131708,11.939966365602036,15.950777023291435,
14.554254874031177,19.189551968273683,1.0,11.739489899960736,6.272021505202053,5.833997753153884,18.57647955998059,13.65791701385638,8.75991472232086,10.624483880079016,
16.438822716297942,18.783240749126307,8.994092066686134,15.42376499625102,17.389953904063145,20.63536023935779,20.31751904510979,20.339151806631314,13.256851330561911,11.823808705038727,
14.489285655431678,11.63045289466661,18.975543292129654,11.621354318097499,16.103510279629802,19.02707829356024,12.432073359686418,15.694951597525266,9.650336309897044,12.869711547773628,
12.417851791652172,13.059789128443741,9.819744468477511,18.55207910511193,10.921235862400787,19.369463681938853,9.875513619170075,10.969751799564975,12.76355662925455,11.141500974333919,
13.222164022033443,16.56478030216779,11.97044177322599,14.66432980007272,15.694519929752046,11.655351142613418,17.714834332048046,13.031872846563544,10.768350932562711,19.95163277760288,
19.37710415995346,17.704069337206402,14.686287726188842,10.052805386685556,20.386255247043117,13.736676557029437,8.385679897524184,10.612101774704348,17.52844715351922,12.058387916347206,
16.792669671860132,15.799250281358738,16.469584825911298,20.30860054172395,9.07707210934051,16.00553340688038,18.76156769401209,13.061941313841569,16.06547796707182,14.07375059149187,
16.476572400822498,6.055447732148842,6.739816564482828,14.88602727557689,12.664373359347135,8.897341384508008,8.405023121145753,11.61668458803389,18.122487268600295,22.027019073778394,
9.34201560872803,9.710321257594517,8.887989789347671,15.610244186529174,14.267532431202918,7.730311916484192,14.934175804552577,19.848243415684397,13.375026041850273,11.894227405855839,
7.614630530696255,11.597759310451133,12.963266250578124,14.38450825108181,6.55103436413765,9.774498464490128,15.634081876314669,17.066157201842977,8.364749475232607,10.699807939222286,
19.236640613895382,13.391684717777041,18.40738782472192,13.19227705805,14.679734771349052,14.781038363618885,11.668079055661513,20.45791788431616,13.737115702559924,20.288344329427606,
13.025476645340685,8.962150728164744,7.399918579453439,13.167065757523902,14.13317117843067,14.859762881521943,15.925697894333403,15.63332375839424,18.38188510142477,22.13267469480715,
13.59273917587253,16.220333804234592,17.327199551139426,14.50525428188145,12.47059151300012,12.46978453195201,12.580158264815882,13.412641420282107,12.028921949188145,9.630359412740276,
17.295263584033734,12.910369449952345,16.807884915869433,6.988155338200616,10.788364072083906,25.335849465504765,17.112316843830733,14.531139644505926,16.094772763938007,15.523028888188207,
14.671094177540942,19.145593377514164,10.076389612049194,13.370029213682908,7.487886256978696,8.180398091757967,11.19110752855892,11.457568619924304,16.16715231243552,14.732105425066946,
9.048368248873697,17.40501045356891,17.989114431111382,17.77231102907512,12.65580565039231,16.44199587034405,14.359031706802222,10.428713612721364,22.880474270594554,11.698783204804284,
8.917303740921607,16.007657726602318,14.01372040245443,13.51957581071045,18.440574219867905,9.865775333278503,15.904316779447461,16.378667723045496,17.15974338992287,14.21571722380329,
15.917293012882409,5.862036175981461,8.597830781454931,17.352456199913416,12.873799767370416,17.72126408625376,16.050897502320797,17.138862905091635,13.061978770331383,13.48267965162467,
13.237519984043377,12.740910441247589,16.057408499552764,9.294687863252527,15.464054592279483,12.681370869788928,14.943604328357829,18.34766529928399,16.168394311873193,20.60302060620734,
9.179022074745014,12.520345849124912,17.94055998882726,14.156224066194874,14.292057246486985,9.810543999774332,26.60104784063849,6.8376014783106065,11.457193382933916,11.731950167580356,
22.928677918920986,13.121616564250687,17.088125024632927,15.127708435222718,10.553503932133987,16.778940528944535,6.031179066949183,16.992234995116092,15.623412093157798,11.089918214220019,
14.298053683198717,10.08764850440336,6.9055173251977235,18.162401547170962,5.88662688483394,16.413503299037608,16.252974672341836,10.477413931005524,12.916125977673119,15.370839855187212,
14.865477288053777,15.500246774327834,11.379372380908006,9.690175042959549,5.9493017662629395,9.78675860738902,11.356122080804045,13.21584121998171,21.812612391194694,10.796123607375021,
11.351626087387066,13.144355693810118,15.135092519631788,20.92318153361632,10.340623487340489,15.9955076425394,11.027555952223608,12.990884946870684,13.653640329901599,13.973362943487468,
24.148809549307636,10.437697030649991,14.143853653565179,13.793540666508385,9.00951782370741,13.830887004576153,11.894852952365332,13.569573993594902,13.829686561407058,13.263732580603419,
10.56434848329207,9.86309422996564,20.93872380922162,10.126051594517403,12.697008023969572,14.11185201034457,17.294508137020646,13.811773860767207,4.69852044649518,9.080259907157584,
5.642771340943918,9.446976713852258,19.873931061397816,8.543260900927589,8.285277515777484,12.275658384821083,17.221705691894513,13.339617386968989,10.329949525481991,16.165215425680024,
12.323730794530523,8.016127327828563,17.875056769753908,15.4523249255211,13.170558447441525,14.780283985518567,19.63223956360023,19.76129674959694,19.204786071785165,18.885468331174476,
9.892518955187594,8.985784557948266,18.96834387714772,13.784686578724907,9.032712754402727,18.759339695908878,17.522254490596943,19.43390625944674,24.068957397682595,11.34830108375328,
11.339962448814934,17.672374588245287,6.3601298623259135,15.465253109024744,13.693658573163944,7.54706159647128,19.179083993823763,16.89798889805536,18.389698384413304,4.966920298448125,
1.3373596702698602,18.177905697642363,16.54626602136877,13.41963015718022,15.563560535482464,11.329758961348203,12.018657874700756,15.403102329421165,10.427198785125762,13.95037180089941,
18.239774735272107,16.315542885915434,10.585060025071815,14.670778897330786,17.26777153426265,19.653622623061022,14.422311377792724,16.45265470959091,20.85350480999115,19.493130665952357,
18.80102955302135,18.635112627264846,8.256370454715377,13.009306081062297,11.917673191235648,11.475874114198533,20.776337371352348,8.556555363219822,13.713459589185815,21.1897197395864,
15.021759549130076,15.854857345487225,15.366595468518573,17.7876413766147,13.936406458221647,17.272001792026003,13.732754635313421,9.767654563507444,18.504454352906553,7.476400337757832,
9.569282268422986,21.784509568329707,17.506474888577365,16.602455359963272,12.703556687302115,14.844260187249338,12.071362735639598,18.86858477048058,13.211173878010612,14.028647002314784,
15.563679317355374,18.537897250840757,17.1572171241858,12.304773754945456,15.181742683884163,13.659607424424433,11.38309465005863,11.270962397053491,12.499808868535473,14.413743187878293,
13.923094030851486,3.597737978313701,18.250286181077417,15.603950235790004,10.094956310760374,12.240576497840618,16.900113961140946,11.687708733043348,16.496498414785197,13.774426530856253,
14.76383429251469,14.544314081504563,19.368196270179418,10.654396079409443,15.372943754019515,10.717417533150504,19.259406676201078,12.769367914010102,16.461835165550006,13.834195728305685,
8.703677305023298,14.421293702459641,16.95878681084725,23.447957236344468,9.572360890528515,15.708302940687718,17.76732416713481,13.10627559353096,12.987487455761576,19.394945162526117,
15.945236091289253,18.76744288497644,10.280547204300815,16.57917596226264,12.473146154929,14.120408154282757,15.84695714720253,12.178409366956988,12.00548090462719,10.88005324747838,
9.385344713439903,11.362033292804433,18.16108855410735,18.142684738579867,17.515457879163975,12.326202413927545,17.935159565473835,17.239646626347053,14.710854737604835,19.461816873636703,
18.660278365243123,4.894906339531818,8.200228841275562,20.306533497502876,16.92530375309662,10.485303222175189,8.204604197849068,11.672744843293897,20.930804919017557,13.05637831212993,
14.33242018210682,17.113539871145292,10.082864544908704,11.796808222408542,5.200262798857004,14.115753791274429,7.583802780662022,7.341455362045932,5.531804313076348,7.968832904635152,
12.160278043281938,12.531482344251216,14.526004153528605,19.340398125519442,15.843170467944155,15.210265832699355,14.228806702350962,12.517061897036074,13.124401876678855,14.97067528864917,
17.89920400027753,13.261125788446794,14.406403552641084,10.560831501391618,19.422148166645098,15.58783309378856,17.270138076060405,11.55897471859543,4.657467572049027,6.72594953016949,
15.113560032930334,9.734095748133123,7.839873846157595,16.692865323172718,14.696165590439968,11.063727186119536,8.043639737727329,12.644495661852185,12.10500492258971,24.442269389140144,
17.51319223152059,13.95001474190495,18.281760059978737,8.663194754839903,9.920466436417438,12.314650251296618,11.019294467540945,14.214732991561013,18.28765747180505,15.376851503814159,
11.549388717868073,9.519153807106063,9.602625987268775,17.514343186861364,18.15695463134392,18.547734253790498,13.695714348000669,4.964737264163651,13.550776129618317,17.179037837308723,
12.733524874215831,21.274194134344896,20.537606929463443,16.108297801303905,13.595874626441878,21.4206677110375,18.44805512683453,15.441545582754873,10.249959424281437,7.257442194305787,
19.93977100617527,18.968863597842052,10.573994042965921,8.464838635144945,12.923492887082299,9.706457865353181,20.171065628743293,9.20923599133364,7.878260723200002,16.349646687985867,
16.09120184508938,14.225571614168675,13.816760053222065,10.927846736850173,23.68613505417093,10.973148819311723,11.459242326397709,14.596281267111456,15.616440574435659,14.303403002898838,
15.055822884920483,7.968303300657789,12.100802958665938,18.684087745683808,15.9107640895671,14.848567199250676,17.12448388184778,18.271715458389693,16.961139910638515,8.950716667235646,
15.651437850132663,19.19536668844987,17.553869927585414,15.310345943163822,16.865480270209275,17.871864710789506,10.095318085146141,8.859910837773477,9.229877138869961,13.049078804762818,
8.429535678538024,16.796434676605394,13.800095795166751,16.89427690886543,13.580276600344956,9.835038983007651,17.064688364429927,18.982038210417194,9.046341863164363,15.88187393184918,
14.006099065668074,20.743376354248937,10.825450388515675,8.684946423360424,18.361407352755002,22.20384070626204,7.030225728233089,9.40401475321583,21.232862308973434,11.745652307790293,
15.446829733573278,12.287968258329604,15.870341172086569,17.721732641794972,15.569354476547671,18.157912422788804,17.18296928159225,6.9850528387634085,16.48328013315112,8.254137617879044,
24.714670892883465,12.421124393673265,8.144499056166673,17.23469106172506,8.191693535714736,13.936826859438836,12.545407258022264,11.299946592447792,20.936644202982517,23.18862125226662,
18.595208246667255,10.631083015527881,15.395774904792265,13.192008376535506,12.063189246067955,19.513206659672527,17.31066553630025,15.856687327484467,15.699531055330196,20.50680389724916,
17.00004941039876,15.349659979066562,16.576558983006016,10.917542795291585,16.43610691495156,10.1068951392052,17.49296221841272,16.152101262986,16.32155377433193,16.036571625375508,
9.25388337098435,19.444601699114614,22.608557429307197,10.45688408605581,10.031446486024509,11.567209552229892,12.380056741460368,14.921360269971062,11.809150131155665,19.45717383185199,
10.912421967779713,11.482308531774272,16.727578602270363,14.371837702595512,15.513703218817529,16.441510922979596,11.504937664887326,13.06189227358169,16.48443572165826,18.411340264013635,
17.736234818218225,8.969236321678471,9.069934741041934,20.395466043395746,11.229251861413012,8.09070706174059,12.013274331438302,21.347243103045837,17.48678156113454,9.353711883496382,
16.17271379301966,14.591731861443693,18.34595743689595,15.927576901567475,16.67799965711989,10.184188491762324,17.03797564482516,13.625019429198641,18.884355696125212,15.201571768041944,
11.427917891287215,11.069449304361498,12.905548219729681,19.04104029251963,21.652459255775835,14.303314391820832,12.201002457176203,13.406290599428736,19.913079806478116,9.996859133441342,
11.162957341510788,10.546093079503708,11.881201517299274,16.597553610410394,9.175780230347302,15.202837223971112,18.264744281254007,13.4727592870352,15.538049090045973,14.35719445133023,
11.566939934566864,13.075945578318695,15.467209679188885,17.493855769721762,10.482175297985767,14.870284300849566,22.13867259862601,14.432527651728018,18.6634799588564,14.20394595835337,
12.547930520268833,13.75688684009805,11.461700111838574,16.574266745130203,19.933195750874564,7.49095264172246,16.154541762707552,11.608661954116787,4.182188257723497,14.791142783805416,
13.630145312254172,10.456512531421392,11.097039068782317,10.800354676464883,16.84051755395828,15.02920611838288,17.651158801933118,13.411499068145243,13.353816796425207,10.605138611414485,
11.877683968226767,9.936652080702444,10.877550643917305,14.130361817193243,13.088857463629688,16.328632027459648,21.2766533072173,10.211880256296379,8.443008970680904,14.533644987693904,
12.123129212317046,11.096602244690354,14.179701401084015,11.909265561921632,10.801986307692095,18.433804310020808,10.251905085323164,20.711752744383773,10.43126241063893,10.505037698052554,
11.814664190999604,16.79568851964018,20.21523468105517,12.730021230533005,15.799423458532779,14.358219781448721,17.13457128871508,17.587569892401106,10.174359692317328,15.199390046269079,
15.054547998264695,8.996373582631794,14.3173709888764,22.475789005937102,19.548652118208196,14.54604203433615,16.550475410956437,21.804123987049145,13.903916795903331,17.745606845824025,
14.105388355697364,13.666518541965244,17.98714653357756,10.101815979270183,18.07449664051709,15.74533031939142,14.740961166898721,7.646271816071993,18.55899001380176,16.193989323635144,
12.649376354445236,11.117440909150032,12.633157231402603,16.75047399358346,14.368431120035039,7.028639719056377,18.609816060782993,19.57815842625484,15.32766091427184,11.304975132505795,
17.05570708258795,6.999555815747044,15.100348794396043,15.394182744730537,19.97893171649432,14.419651327988396,12.590859629523766,12.921854765643577,17.74163891351249,9.011594011652006,
10.829813048755673,20.2127469081633,20.334715015432113,21.62490501672091,18.54722669102068,15.142034790771827,12.362271181003447,11.797076534352048,9.256202481064165,6.620333952645616,
13.736098917260056,14.943215713473787,23.084481136730545,14.278943666110095,18.675585959667615,20.840963626459033,17.29880373112155,12.62700431335338,16.1510577909835,12.013177508306796,
14.26618147394257,13.269189700490985,13.52902431406797,18.664750924234433,17.22781223350332,12.510060120352716,12.037006073811584,17.52300931365242,16.762389859676897,15.798838987215126,
9.162230516515699,15.150261219587447,12.207041995658622,14.851279590395885,11.266711163102935,11.390453145250717,8.649085723750433,21.157917449289734,15.864343011460274,17.91802198159028,
16.676020186181105,17.090517033119898,13.185525942374575,12.931933461910122,13.96696167749118,15.777666055540314,17.890202287608826,13.210664894788763,13.14159379347693,19.288203674742007,
12.318679019347732,14.608548131101166,14.0329107941735,14.548730024706694,14.592375126916709,14.87478612969018,16.28129244668964,10.400241622980039,13.838651769245482,17.313778168239196,
19.687525702385955,19.278937299324106,9.03945160679573,18.798899212306317,12.252288716281914,17.959017335856842,10.362895258106455,12.561399575519143,19.025453581160694,10.16512073029494,
18.839296356499197,20.806916916768614,15.190036439741572,16.218830757667156,18.721393345871952,17.59629458378248,20.92602080490232,16.492123920599724,17.122472183477925,18.895276685506303,
10.902157901393787,17.171246074305675,12.97481556362588,18.251563112902968,13.78745396356599,19.23517328954662,13.350253092395702,22.02337351625966,9.555202270374805,8.918311559074041,
18.986667801713764,18.61925936947835,8.38350031409234,10.169503837039363,17.567824512545762,11.166412523967853,11.989876612823846,14.029900921936827,10.44184582272141,15.913547946458596,
8.89707451663325,13.98156421219489,18.387207620748278,14.303482844930278,20.978673028694143,14.264784265397113,8.855222083152686,15.45627969945597,18.82392246712046,13.214590063590565,
13.84109088789046,15.636726319800832,19.99017810868476,10.832743373998527,14.208862277041396,15.61176240764576,14.24695930599015,7.4714958757583085,12.767485967536736,8.90260981559393,
19.551039791623733,17.515539875033003,21.382890053008076,13.529782756893859,14.087630666503776,8.080738631918162,9.742360998352217,15.145057062676276,10.439092659479366,24.666740939083123,
16.622737152676944,9.832750365117175,19.467121522738054,15.603939222788423,17.148505986421785,13.25730742001907,20.189159699315137,16.328432801084098,12.982826461673223,14.09419356756593,
11.252157503620543,12.780303688343668,9.319050012101249,12.332499859352446,15.223812984433186,21.784912926693117,14.788083561206783,16.646433492846004,14.158011826703888,12.580648843914739,
15.107653673441545,5.93557438292856,20.523942931756842,17.122562388746164,13.395979431565406,15.540736273891815,9.815383158155292,20.148822568975884,20.562779208468235,5.89828248244259,
19.44976280038781,14.512153621135297,15.914091286126446,17.5668453437038,16.534840737541458,17.214559177879103,12.232948943862661,16.08064765680082,13.865686364427797,20.910667495939695,
10.69183016535858,13.034605697809374,18.769064987959336,12.731889254282542,15.01169146183222,10.19268178301144,16.62009595665574,17.522563012496654,15.626711685307775,18.680882429262834,
18.49614439006617,12.839108718823422,13.439773194637288,14.445377667136384,6.23457545636604,17.284468739287867,17.26802950914373,21.86970210628449,15.06263225673215,15.243667233069068,
15.311094771168587,19.953278270167274,14.185856472890574,13.789252751754997,17.43457394001104,15.911840413946608,12.35811117684926,12.172023197795259,12.791556662521357,18.918978688186012,
12.260650404729182,4.2174448480782605,4.912103016143412,8.917367980725698,15.411368326375083,16.772919266827152,12.014616537251287,19.02888801403109,6.526555232379963,13.510669338559799,
11.26291681664658,17.117794049311467,18.2348096874862,12.315231041957297,9.784121267479776,19.279974649427604,17.666251631518517,11.93236396670584,13.246723427931828,10.766502736102927,
23.190122631343986,16.35213209128478,15.41342253561536,8.368861285221477,11.125620938620797,18.956201760554716,20.404999917983513,12.774407887794522,12.013519795719041,7.589195897324957,
14.065382969220629,13.771586145681963,15.249034764733322,22.909386879144275,15.93081753550173,17.81287351270853,7.9728912080884715,11.90994240100794,15.112012845710298,9.860831380215593,
11.362187190814456,9.164042124237014,18.513534245550996,14.577121981335758,13.023741982519832,7.551227027460407,12.621283385050607,12.166991166943545,12.85629134064715,11.278240248180975,
19.13077167389026,11.764937387013969,7.306700969941332,8.536997407977712,10.578988994749734,15.25613132600694,16.221117837647192,12.835549266329851,14.647761173755804,9.978326775490263,
